{"cameraMode":{"drawMode":0,"name":"Shaded","section":"Shading Mode"},"sceneLighting":false,"audioPlay":false,"sceneViewState":{"m_AlwaysRefresh":false,"showFog":true,"showSkybox":false,"showFlares":true,"showImageEffects":true,"showParticleSystems":true,"showVisualEffectGraphs":true,"m_FxEnabled":true},"in2DMode":false,"pivot":{"x":-0.02595883421599865,"y":2.723444700241089,"z":3.370884895324707},"rotation":{"x":-0.6785752177238464,"y":0.004821020644158125,"z":-0.0045015281066298489,"w":-0.7345523834228516},"size":2.249009370803833,"orthographic":false}